unique,ID,dates,year,site,department,country,region,livestock,clivestock,altitude,lon,lat,sex,age,rep,dc13,dn15,idistance,pca1,pca2,bartonella,hemoplasma,coinfection
6147 spring 2013,6147,3/7/13,2013,AM1,Amazonas,Peru,AM/CA,high,32.62365189,660,-78.29150034,-5.212241,F,A,N,-10.72,9.46,2.864489483,NA,NA,NA,NA,NA
6149 spring 2013,6149,3/7/13,2013,AM1,Amazonas,Peru,AM/CA,high,32.62365189,660,-78.29150034,-5.212241,M,A,Y,-8.89,9.69,4.450404476,NA,NA,NA,NA,NA
6146 summer 2013,6146,7/14/13,2013,AM1,Amazonas,Peru,AM/CA,high,32.62365189,660,-78.29150034,-5.212241,F,A,N,-9.195,8.72,3.748856492,NA,NA,NA,NA,NA
6256 spring 2013,6256,3/7/13,2013,AM1,Amazonas,Peru,AM/CA,high,32.62365189,660,-78.29150034,-5.212241,F,A,N,-7.84,12.21,6.84485208,NA,NA,NA,NA,NA
6257 spring 2013,6257,3/7/13,2013,AM1,Amazonas,Peru,AM/CA,high,32.62365189,660,-78.29150034,-5.212241,M,A,Y,-9.2,10.82,4.900499974,NA,NA,NA,NA,NA
6160 summer 2013,6160,7/14/13,2013,AM1,Amazonas,Peru,AM/CA,high,32.62365189,660,-78.29150034,-5.212241,F,A,N,-7.54,11.23,6.432044776,NA,NA,NA,NA,NA
6146 spring 2013,6146,3/7/13,2013,AM1,Amazonas,Peru,AM/CA,high,32.62365189,660,-78.29150034,-5.212241,F,A,Y,-10.2,8.89,2.915475947,NA,NA,NA,NA,NA
6256 fall 2015,6256,10/17/15,2015,AM1,Amazonas,Peru,AM/CA,high,32.62365189,660,-78.29150034,-5.212241,F,A,N,-9.794,10.527,4.276167092,1.123345283,-0.835595622,NA,NA,NA
6159 summer 2013,6159,7/14/13,2013,AM1,Amazonas,Peru,AM/CA,high,32.62365189,660,-78.29150034,-5.212241,M,SA,N,-9,11.69,5.672741841,NA,NA,NA,NA,NA
6164 spring 2015,6164,4/23/15,2015,AM1,Amazonas,Peru,AM/CA,high,32.62365189,660,-78.29150034,-5.212241,M,A,Y,-11.96,10.7,3.391710483,0.787244317,0.34596777,0,1,0
6144 spring 2013,6144,3/7/13,2013,AM1,Amazonas,Peru,AM/CA,high,32.62365189,660,-78.29150034,-5.212241,F,A,N,-9.11,10.1,4.498021787,NA,NA,NA,NA,NA
6150 spring 2013,6150,3/7/13,2013,AM1,Amazonas,Peru,AM/CA,high,32.62365189,660,-78.29150034,-5.212241,F,A,N,-10.51,9.42,2.986134625,NA,NA,NA,NA,NA
6163 summer 2013,6163,7/14/13,2013,AM1,Amazonas,Peru,AM/CA,high,32.62365189,660,-78.29150034,-5.212241,F,A,N,-10.85,8.72,2.278464395,NA,NA,NA,NA,NA
6263 spring 2013,6263,3/7/13,2013,AM1,Amazonas,Peru,AM/CA,high,32.62365189,660,-78.29150034,-5.212241,F,J,N,NA,NA,NA,NA,NA,NA,NA,NA
6258 spring 2013,6258,3/7/13,2013,AM1,Amazonas,Peru,AM/CA,high,32.62365189,660,-78.29150034,-5.212241,M,A,Y,-10.65,10.32,3.575947427,NA,NA,NA,NA,NA
6157 summer 2013,6157,7/14/13,2013,AM1,Amazonas,Peru,AM/CA,high,32.62365189,660,-78.29150034,-5.212241,F,A,N,-10.62,9.235,2.780364185,NA,NA,NA,NA,NA
D100 fall 2015,D100,10/12/15,2015,AM1,Amazonas,Peru,AM/CA,high,32.62365189,660,-78.29150034,-5.212241,M,A,Y,-11.69,9.85,2.659266816,-0.226100739,-0.812363256,NA,NA,NA
6251 spring 2013,6251,3/7/13,2013,AM1,Amazonas,Peru,AM/CA,high,32.62365189,660,-78.29150034,-5.212241,M,A,Y,-9.09,9.79,4.334985582,NA,NA,NA,NA,NA
6253 spring 2013,6253,3/7/13,2013,AM1,Amazonas,Peru,AM/CA,high,32.62365189,660,-78.29150034,-5.212241,F,A,Y,-8.58,9.78,4.763034747,NA,NA,NA,NA,NA
6161 summer 2013,6161,8/11/13,2013,AM1,Amazonas,Peru,AM/CA,high,32.62365189,660,-78.29150034,-5.212241,F,SA,N,-9.09,10.55,4.797676521,NA,NA,NA,NA,NA
6162 summer 2013,6162,8/11/13,2013,AM1,Amazonas,Peru,AM/CA,high,32.62365189,660,-78.29150034,-5.212241,M,SA,Y,NA,NA,NA,NA,NA,NA,NA,NA
D234 summer 2016,D234,8/9/16,2016,AM1,Amazonas,Peru,AM/CA,high,32.62365189,660,-78.29150034,-5.212241,M,A,N,-10.11,11.61,4.951413939,-0.525867632,0.533273254,1,1,1
D235 summer 2016,D235,8/9/16,2016,AM1,Amazonas,Peru,AM/CA,high,32.62365189,660,-78.29150034,-5.212241,M,A,N,-8.65,12.813,6.768414068,0.333565706,1.02523914,1,1,1
6164 summer 2013,6164,7/14/13,2013,AM1,Amazonas,Peru,AM/CA,high,32.62365189,660,-78.29150034,-5.212241,M,SA,Y,NA,NA,NA,NA,NA,NA,NA,NA
6259 spring 2013,6259,3/7/13,2013,AM1,Amazonas,Peru,AM/CA,high,32.62365189,660,-78.29150034,-5.212241,F,J,Y,-9.31,11.14,5.055155784,NA,NA,NA,NA,NA
6260 spring 2013,6260,3/7/13,2013,AM1,Amazonas,Peru,AM/CA,high,32.62365189,660,-78.29150034,-5.212241,F,A,Y,-9.53,9.41,3.758896115,NA,NA,NA,NA,NA
6165 summer 2013,6165,7/14/13,2013,AM1,Amazonas,Peru,AM/CA,high,32.62365189,660,-78.29150034,-5.212241,F,A,N,-13.66,10.88,3.372506486,NA,NA,NA,NA,NA
D201 fall 2015,D201,10/12/15,2015,AM1,Amazonas,Peru,AM/CA,high,32.62365189,660,-78.29150034,-5.212241,F,SA,N,-8.77,11.89,5.974520901,-0.216412294,-1.311446656,1,1,1
D202 fall 2015,D202,10/12/15,2015,AM1,Amazonas,Peru,AM/CA,high,32.62365189,660,-78.29150034,-5.212241,F,A,Y,-12.12,9.65,2.333238093,2.021181898,-0.453013596,0,0,0
D203 fall 2015,D203,10/13/15,2015,AM1,Amazonas,Peru,AM/CA,high,32.62365189,660,-78.29150034,-5.212241,F,SA,N,-11.58,10.37,3.183520064,-0.466885138,-0.212867102,1,1,1
6158 summer 2013,6158,7/14/13,2013,AM1,Amazonas,Peru,AM/CA,high,32.62365189,660,-78.29150034,-5.212241,F,A,Y,-10.74,9.86,3.153173005,NA,NA,NA,NA,NA
SP2 fall 2015,SP2,10/12/15,2015,AM1,Amazonas,Peru,AM/CA,high,32.62365189,660,-78.29150034,-5.212241,M,A,Y,-10.46,11.21,4.428317965,0.480102261,1.208574933,1,0,0
6255 fall 2013,6255,10/17/13,2013,AM1,Amazonas,Peru,AM/CA,high,32.62365189,660,-78.29150034,-5.212241,M,A,Y,NA,NA,NA,NA,NA,NA,NA,NA
6255 spring 2013,6255,3/7/13,2013,AM1,Amazonas,Peru,AM/CA,high,32.62365189,660,-78.29150034,-5.212241,M,A,Y,-9.68,10.36,4.235717177,NA,NA,NA,NA,NA
D208 fall 2015,D208,10/13/15,2015,AM1,Amazonas,Peru,AM/CA,high,32.62365189,660,-78.29150034,-5.212241,F,A,Y,-10.007,11.447,4.869445348,0.448429365,0.582357371,1,1,1
D209 fall 2015,D209,10/13/15,2015,AM1,Amazonas,Peru,AM/CA,high,32.62365189,660,-78.29150034,-5.212241,M,A,Y,-10.4,12.73,5.814258336,-1.653368086,-0.221622425,1,1,1
D236 summer 2016,D236,8/10/16,2016,AM1,Amazonas,Peru,AM/CA,high,32.62365189,660,-78.29150034,-5.212241,F,A,N,-9.873,10.895,4.502993893,NA,NA,1,1,1
D237 summer 2016,D237,8/10/16,2016,AM1,Amazonas,Peru,AM/CA,high,32.62365189,660,-78.29150034,-5.212241,F,A,N,-9.845,11.638,5.118254488,0.544359901,0.019037827,1,1,1
6164 summer 2016,6164,6/20/16,2016,AM1,Amazonas,Peru,AM/CA,high,32.62365189,660,-78.29150034,-5.212241,M,A,Y,-10.903,11.145,4.162839656,NA,NA,1,1,1
D64 spring 2015,D64,4/28/15,2015,AM1,Amazonas,Peru,AM/CA,high,32.62365189,660,-78.29150034,-5.212241,F,A,Y,-11.63,10.93,3.698175226,-1.14327205,-0.656701365,1,NA,NA
D96 summer 2016,D96,8/9/16,2016,AM1,Amazonas,Peru,AM/CA,high,32.62365189,660,-78.29150034,-5.212241,M,A,Y,-11.058,10.974,3.942235406,1.966753931,-0.72771064,1,0,0
D97 fall 2015,D97,10/12/15,2015,AM1,Amazonas,Peru,AM/CA,high,32.62365189,660,-78.29150034,-5.212241,M,SA,N,-12.76,11.58,4.190429572,-0.686311797,0.675312545,1,1,1
D98 fall 2015,D98,10/12/15,2015,AM1,Amazonas,Peru,AM/CA,high,32.62365189,660,-78.29150034,-5.212241,F,A,N,NA,NA,NA,-0.291084651,0.614132592,1,1,1
D207 fall 2015,D207,10/13/15,2015,AM1,Amazonas,Peru,AM/CA,high,32.62365189,660,-78.29150034,-5.212241,M,A,Y,-10.78,11.221,4.285202562,-1.095882961,-1.099513822,1,0,0
D99 fall 2015,D99,10/12/15,2015,AM1,Amazonas,Peru,AM/CA,high,32.62365189,660,-78.29150034,-5.212241,M,A,Y,-11.55,9.58,2.473580401,2.024845106,0.613657529,1,1,1
SP3 fall 2015,SP3,10/12/15,2015,AM1,Amazonas,Peru,AM/CA,high,32.62365189,660,-78.29150034,-5.212241,M,A,Y,-10.49,10.77,4.038378387,-1.186851712,1.62761247,1,1,1
SP4 fall 2015,SP4,10/13/15,2015,AM1,Amazonas,Peru,AM/CA,high,32.62365189,660,-78.29150034,-5.212241,M,A,Y,-10.22,10.03,3.622154055,2.057130185,-0.40717747,0,1,0
D63 fall 2015,D63,10/13/15,2015,AM1,Amazonas,Peru,AM/CA,high,32.62365189,660,-78.29150034,-5.212241,M,A,Y,-11.13,10.43,3.42147629,2.343984097,-0.855210157,1,0,0
D63 spring 2015,D63,4/28/15,2015,AM1,Amazonas,Peru,AM/CA,high,32.62365189,660,-78.29150034,-5.212241,M,A,Y,-10.9,10.64,3.715171598,-0.290450445,0.690964334,0,NA,0
D65 spring 2015,D65,4/28/15,2015,AM1,Amazonas,Peru,AM/CA,high,32.62365189,660,-78.29150034,-5.212241,M,A,Y,-11.35,11.36,4.193256491,0.582040018,-0.954603849,1,1,1
D210 fall 2015,D210,10/13/15,2015,AM1,Amazonas,Peru,AM/CA,high,32.62365189,660,-78.29150034,-5.212241,M,SA,Y,-10.77,11.24,4.306669247,1.398513555,0.534196872,1,0,0
D206 fall 2015,D206,10/13/15,2015,AM1,Amazonas,Peru,AM/CA,high,32.62365189,660,-78.29150034,-5.212241,F,A,N,-15.63,11.67,4.142511316,1.728165571,-0.437953546,1,1,1
D204 fall 2015,D204,10/13/15,2015,AM1,Amazonas,Peru,AM/CA,high,32.62365189,660,-78.29150034,-5.212241,F,A,N,-11.71,9.35,2.19583697,-1.343392916,1.027335244,1,1,1
D96 fall 2015,D96,10/12/15,2015,AM1,Amazonas,Peru,AM/CA,high,32.62365189,660,-78.29150034,-5.212241,M,A,Y,-12.2,9.98,2.637821071,1.74868498,0.180977849,NA,0,0
D95 fall 2015,D95,10/12/15,2015,AM1,Amazonas,Peru,AM/CA,high,32.62365189,660,-78.29150034,-5.212241,M,A,N,-9.52,12.04,5.633373767,-1.145351318,0.546070015,1,1,1
D205 fall 2015,D205,10/13/15,2015,AM1,Amazonas,Peru,AM/CA,high,32.62365189,660,-78.29150034,-5.212241,M,SA,N,-10.95,10.85,3.877383138,1.130872779,0.647434189,1,1,1
D94 fall 2015,D94,10/12/15,2015,AM1,Amazonas,Peru,AM/CA,high,32.62365189,660,-78.29150034,-5.212241,F,SA,N,-10.85,12.7,5.623041881,-1.735690528,-0.478338395,1,1,1
D213 fall 2015,D213,10/19/15,2015,AM2,Amazonas,Peru,AM/CA,high,32.53867826,660,-78.29039178,-5.212209,M,A,N,-11.263,10.56,3.480498384,-0.955908543,1.429190498,NA,NA,NA
D214 fall 2015,D214,10/19/15,2015,AM2,Amazonas,Peru,AM/CA,high,32.53867826,660,-78.29039178,-5.212209,M,A,N,-19.301,11.57,6.097921039,0.449236534,1.093045543,NA,NA,NA
D212 fall 2015,D212,10/19/15,2015,AM2,Amazonas,Peru,AM/CA,high,32.53867826,660,-78.29039178,-5.212209,F,SA,N,-10.76,12.136,5.127193774,0.848239589,0.004940327,NA,NA,NA
D13 summer 2013,D13,7/27/13,2013,AM3,Amazonas,Peru,AM/CA,high,32.50978647,660,-78.288,-5.201,M,A,Y,-10.13,9.65,3.422352992,-1.119713986,-1.871886253,NA,NA,NA
D11 summer 2013,D11,7/27/13,2013,AM3,Amazonas,Peru,AM/CA,high,32.50978647,660,-78.288,-5.201,M,SA,Y,-10.5,10.11,3.498342465,1.37837752,-0.920967944,NA,NA,NA
D21 summer 2013,D21,8/7/13,2013,AM3,Amazonas,Peru,AM/CA,high,32.50978647,660,-78.288,-5.201,M,SA,N,-8.15,10.15,5.321663274,-3.324412654,-3.40616532,NA,NA,NA
D6 summer 2013,D6,7/27/13,2013,AM3,Amazonas,Peru,AM/CA,high,32.50978647,660,-78.288,-5.201,M,A,N,NA,NA,NA,-2.331195092,-3.017683483,NA,NA,NA
D23 summer 2013,D23,NA,2013,AM3,Amazonas,Peru,AM/CA,high,32.50978647,660,-78.288,-5.201,F,A,N,-10.47,9.42,3.015592811,NA,NA,NA,NA,NA
D19 summer 2013,D19,7/27/13,2013,AM3,Amazonas,Peru,AM/CA,high,32.50978647,660,-78.288,-5.201,F,A,N,-11.22,8.47,1.832157198,-1.523239512,-0.209465049,NA,NA,NA
D24 summer 2013,D24,8/7/13,2013,AM3,Amazonas,Peru,AM/CA,high,32.50978647,660,-78.288,-5.201,M,A,Y,-11.16,9.72,2.792937522,2.254430664,-0.75623964,NA,NA,NA
D14 summer 2013,D14,8/2/13,2013,AM3,Amazonas,Peru,AM/CA,high,32.50978647,660,-78.288,-5.201,NA,NA,NA,-10.615,10.645,3.865520664,-1.095197853,0.384566809,NA,NA,NA
D18 summer 2013,D18,NA,2013,AM3,Amazonas,Peru,AM/CA,high,32.50978647,660,-78.288,-5.201,F,SA,N,-9.99,11.74,5.125095121,NA,NA,NA,NA,NA
D9 summer 2013,D9,7/27/13,2013,AM3,Amazonas,Peru,AM/CA,high,32.50978647,660,-78.288,-5.201,M,A,N,-8.82,11.37,5.558309095,-1.71548312,-0.598650776,NA,NA,NA
D3 summer 2013,D3,7/27/13,2013,AM3,Amazonas,Peru,AM/CA,high,32.50978647,660,-78.288,-5.201,F,A,N,-9.41,11.22,5.049059318,-0.884245556,-1.016100209,NA,NA,NA
D5 summer 2013,D5,7/27/13,2013,AM3,Amazonas,Peru,AM/CA,high,32.50978647,660,-78.288,-5.201,F,A,N,-10.96,9.59,2.804924241,2.120925919,-0.973520155,NA,NA,NA
D15 summer 2013,D15,7/27/13,2013,AM3,Amazonas,Peru,AM/CA,high,32.50978647,660,-78.288,-5.201,F,A,N,-10.945,9.475,2.725298149,-1.7449538,-3.014709348,NA,NA,NA
D25 summer 2013,D25,8/7/13,2013,AM3,Amazonas,Peru,AM/CA,high,32.50978647,660,-78.288,-5.201,M,A,Y,-10.82,10.52,3.65120528,-0.10049671,-1.384199978,NA,NA,NA
D2 summer 2013,D2,7/27/13,2013,AM3,Amazonas,Peru,AM/CA,high,32.50978647,660,-78.288,-5.201,M,A,N,-10.47,11.01,4.25174082,-2.891614526,-4.649803736,NA,NA,NA
D17 summer 2013,D17,7/27/13,2013,AM3,Amazonas,Peru,AM/CA,high,32.50978647,660,-78.288,-5.201,F,A,N,-8.14,11.75,6.30897773,-1.043586737,-2.632314792,NA,NA,NA
D4 summer 2013,D4,7/27/13,2013,AM3,Amazonas,Peru,AM/CA,high,32.50978647,660,-78.288,-5.201,F,A,N,-11.01,9.28,2.535389516,1.002901314,-1.486479698,NA,NA,NA
D20 summer 2013,D20,8/7/13,2013,AM3,Amazonas,Peru,AM/CA,high,32.50978647,660,-78.288,-5.201,F,A,N,-9.64,10.76,4.551977592,-1.071426091,-1.459329066,NA,NA,NA
D1 summer 2013,D1,7/27/13,2013,AM3,Amazonas,Peru,AM/CA,high,32.50978647,660,-78.288,-5.201,M,A,Y,-10.54,10.16,3.512620105,NA,NA,NA,NA,NA
D10 summer 2013,D10,7/27/13,2013,AM3,Amazonas,Peru,AM/CA,high,32.50978647,660,-78.288,-5.201,M,SA,N,-9.99,11.16,4.642951647,-1.14199334,-1.314324218,NA,NA,NA
D16 summer 2013,D16,7/27/13,2013,AM3,Amazonas,Peru,AM/CA,high,32.50978647,660,-78.288,-5.201,F,A,Y,NA,NA,NA,0.864132135,-1.519103723,NA,NA,NA
D7 summer 2013,D7,7/27/13,2013,AM3,Amazonas,Peru,AM/CA,high,32.50978647,660,-78.288,-5.201,F,A,N,-10.36,11.5,4.729450285,0.66898139,-0.06267434,NA,NA,NA
D26 summer 2013,D26,8/7/13,2013,AM3,Amazonas,Peru,AM/CA,high,32.50978647,660,-78.288,-5.201,M,A,Y,-10.62,9.63,3.056795708,-1.988662088,-0.606190495,NA,NA,NA
D22 summer 2013,D22,NA,2013,AM3,Amazonas,Peru,AM/CA,high,32.50978647,660,-78.288,-5.201,F,SA,N,NA,NA,NA,NA,NA,NA,NA,NA
D8 summer 2013,D8,7/27/13,2013,AM3,Amazonas,Peru,AM/CA,high,32.50978647,660,-78.288,-5.201,M,SA,N,-7.83,10.52,5.789110467,-1.342108927,-0.840649466,NA,NA,NA
D12 summer 2013,D12,7/27/13,2013,AM3,Amazonas,Peru,AM/CA,high,32.50978647,660,-78.288,-5.201,F,A,N,-10.09,10.7,4.215234276,0.332713614,-1.552550862,NA,NA,NA
4251 summer 2013,4251,7/8/13,2013,CA1,Cajamarca,Peru,AM/CA,high,36.64704639,1368,-78.95346,-5.16826,F,A,N,NA,NA,NA,NA,NA,NA,NA,NA
4608 fall 2013,4608,10/6/13,2013,CA1,Cajamarca,Peru,AM/CA,high,36.64704639,1368,-78.95346,-5.16826,F,A,N,NA,NA,NA,NA,NA,NA,NA,NA
4610 fall 2013,4610,10/6/13,2013,CA1,Cajamarca,Peru,AM/CA,high,36.64704639,1368,-78.95346,-5.16826,M,A,Y,NA,NA,NA,NA,NA,NA,NA,NA
4621 fall 2013,4621,10/6/13,2013,CA1,Cajamarca,Peru,AM/CA,high,36.64704639,1368,-78.95346,-5.16826,F,A,N,NA,NA,NA,NA,NA,NA,NA,NA
4622 summer 2013,4622,7/8/13,2013,CA1,Cajamarca,Peru,AM/CA,high,36.64704639,1368,-78.95346,-5.16826,F,A,N,-10.34,10.43,3.848532188,NA,NA,NA,NA,NA
4628 fall 2013,4628,10/5/13,2013,CA1,Cajamarca,Peru,AM/CA,high,36.64704639,1368,-78.95346,-5.16826,F,A,N,NA,NA,NA,NA,NA,NA,NA,NA
4628 summer 2013,4628,7/7/13,2013,CA1,Cajamarca,Peru,AM/CA,high,36.64704639,1368,-78.95346,-5.16826,F,A,Y,-18.3,10.17,4.45188724,NA,NA,NA,NA,NA
4639 spring 2013,4639,3/19/13,2013,CA1,Cajamarca,Peru,AM/CA,high,36.64704639,1368,-78.95346,-5.16826,M,A,Y,-10.14,10.1,3.72796191,NA,NA,NA,NA,NA
4646 summer 2013,4646,7/7/13,2013,CA1,Cajamarca,Peru,AM/CA,high,36.64704639,1368,-78.95346,-5.16826,M,A,Y,NA,NA,NA,NA,NA,NA,NA,NA
4651 summer 2013,4651,7/8/13,2013,CA1,Cajamarca,Peru,AM/CA,high,36.64704639,1368,-78.95346,-5.16826,F,A,N,-16.52,9.31,2.515492,NA,NA,NA,NA,NA
4663 fall 2015,4663,10/10/15,2015,CA1,Cajamarca,Peru,AM/CA,high,36.64704639,1368,-78.95346,-5.16826,F,A,N,-13.69,8.51,1.274048665,NA,NA,1,1,1
6022 fall 2013,6022,10/6/13,2013,CA1,Cajamarca,Peru,AM/CA,high,36.64704639,1368,-78.95346,-5.16826,M,A,Y,NA,NA,NA,NA,NA,NA,NA,NA
6022 spring 2013,6022,3/19/13,2013,CA1,Cajamarca,Peru,AM/CA,high,36.64704639,1368,-78.95346,-5.16826,M,A,Y,-10.69,10.48,3.686217574,NA,NA,NA,NA,NA
6024 summer 2013,6024,NA,2013,CA1,Cajamarca,Peru,AM/CA,high,36.64704639,1368,-78.95346,-5.16826,F,A,N,NA,NA,NA,NA,NA,NA,NA,NA
6037 summer 2013,6037,7/7/13,2013,CA1,Cajamarca,Peru,AM/CA,high,36.64704639,1368,-78.95346,-5.16826,M,A,Y,-11.94,11.18,3.865449521,NA,NA,NA,NA,NA
6040 summer 2013,6040,7/8/13,2013,CA1,Cajamarca,Peru,AM/CA,high,36.64704639,1368,-78.95346,-5.16826,M,A,N,-14.46,10.42,2.775211704,NA,NA,NA,NA,NA
6043 summer 2016,6043,8/4/16,2016,CA1,Cajamarca,Peru,AM/CA,high,36.64704639,1368,-78.95346,-5.16826,M,A,Y,-11.149,10.884,3.822778701,0.917508566,0.433114111,0,0,0
6048 summer 2013,6048,7/7/13,2013,CA1,Cajamarca,Peru,AM/CA,high,36.64704639,1368,-78.95346,-5.16826,M,A,N,-17.91,10.54,4.371555787,NA,NA,NA,NA,NA
6049 fall 2015,6049,10/10/15,2015,CA1,Cajamarca,Peru,AM/CA,high,36.64704639,1368,-78.95346,-5.16826,M,A,Y,-10.58,10.77,3.989837089,NA,NA,0,0,0
6093 summer 2013,6093,NA,2013,CA1,Cajamarca,Peru,AM/CA,high,36.64704639,1368,-78.95346,-5.16826,M,A,N,NA,NA,NA,NA,NA,NA,NA,NA
6101 spring 2013,6101,3/19/13,2013,CA1,Cajamarca,Peru,AM/CA,high,36.64704639,1368,-78.95346,-5.16826,F,A,Y,-9.82,9.89,3.813712102,NA,NA,NA,NA,NA
6102 spring 2013,6102,3/19/13,2013,CA1,Cajamarca,Peru,AM/CA,high,36.64704639,1368,-78.95346,-5.16826,F,A,N,-17.22,12.22,5.252903959,NA,NA,NA,NA,NA
6103 spring 2013,6103,3/19/13,2013,CA1,Cajamarca,Peru,AM/CA,high,36.64704639,1368,-78.95346,-5.16826,F,A,N,-10.65,12.27,5.293099281,NA,NA,NA,NA,NA
6129 spring 2013,6129,3/19/13,2013,CA1,Cajamarca,Peru,AM/CA,high,36.64704639,1368,-78.95346,-5.16826,F,A,N,-9.63,12.23,5.731535571,NA,NA,NA,NA,NA
6130 fall 2015,6130,10/10/15,2015,CA1,Cajamarca,Peru,AM/CA,high,36.64704639,1368,-78.95346,-5.16826,M,A,Y,-10.73,10.56,3.732264728,-0.21594717,0.570142237,0,1,0
6130 summer 2016,6130,8/4/16,2016,CA1,Cajamarca,Peru,AM/CA,high,36.64704639,1368,-78.95346,-5.16826,M,A,Y,-11.019,11.025,4.004870285,0.41439789,-0.635287367,NA,NA,NA
6133 fall 2013,6133,10/6/13,2013,CA1,Cajamarca,Peru,AM/CA,high,36.64704639,1368,-78.95346,-5.16826,M,A,Y,NA,NA,NA,NA,NA,NA,NA,NA
6133 spring 2013,6133,3/19/13,2013,CA1,Cajamarca,Peru,AM/CA,high,36.64704639,1368,-78.95346,-5.16826,M,SA,N,-10.98,10.66,3.694766569,NA,NA,NA,NA,NA
6133 summer 2013,6133,NA,2013,CA1,Cajamarca,Peru,AM/CA,high,36.64704639,1368,-78.95346,-5.16826,M,A,Y,NA,NA,NA,NA,NA,NA,NA,NA
6138 fall 2015,6138,10/10/15,2015,CA1,Cajamarca,Peru,AM/CA,high,36.64704639,1368,-78.95346,-5.16826,M,A,Y,-12.32,11.28,3.908516343,NA,NA,NA,NA,NA
6141 summer 2013,6141,7/7/13,2013,CA1,Cajamarca,Peru,AM/CA,high,36.64704639,1368,-78.95346,-5.16826,M,A,Y,-10.56,11.34,4.492449221,NA,NA,NA,NA,NA
6277 spring 2013,6277,3/19/13,2013,CA1,Cajamarca,Peru,AM/CA,high,36.64704639,1368,-78.95346,-5.16826,F,A,N,-10.74,11.02,4.12534847,NA,NA,NA,NA,NA
6278 spring 2013,6278,3/19/13,2013,CA1,Cajamarca,Peru,AM/CA,high,36.64704639,1368,-78.95346,-5.16826,F,A,N,-11.41,10.97,3.805325216,NA,NA,NA,NA,NA
6279 fall 2013,6279,10/6/13,2013,CA1,Cajamarca,Peru,AM/CA,high,36.64704639,1368,-78.95346,-5.16826,M,J,N,NA,NA,NA,NA,NA,NA,NA,NA
6279 spring 2013,6279,3/19/13,2013,CA1,Cajamarca,Peru,AM/CA,high,36.64704639,1368,-78.95346,-5.16826,M,A,Y,-14.2,10.17,2.556423283,NA,NA,NA,NA,NA
6288 summer 2013,6288,7/7/13,2013,CA1,Cajamarca,Peru,AM/CA,high,36.64704639,1368,-78.95346,-5.16826,M,A,Y,-12.99,10.93,3.551858668,NA,NA,NA,NA,NA
6289 summer 2013,6289,7/7/13,2013,CA1,Cajamarca,Peru,AM/CA,high,36.64704639,1368,-78.95346,-5.16826,M,A,Y,-14.58,10.8,3.1503968,NA,NA,NA,NA,NA
6151 summer 2013,6151,7/8/13,2013,CA1,Cajamarca,Peru,AM/CA,high,36.64704639,1368,-78.95346,-5.16826,F,A,N,-10.65,11.95,4.999609985,NA,NA,NA,NA,NA
6152 summer 2013,6152,NA,2013,CA1,Cajamarca,Peru,AM/CA,high,36.64704639,1368,-78.95346,-5.16826,F,A,Y,-17.14,10.01,3.445243097,NA,NA,NA,NA,NA
6273 spring 2013,6273,3/19/13,2013,CA1,Cajamarca,Peru,AM/CA,high,36.64704639,1368,-78.95346,-5.16826,M,A,N,-10.93,10.22,3.337933492,NA,NA,NA,NA,NA
6274 spring 2013,6274,3/19/13,2013,CA1,Cajamarca,Peru,AM/CA,high,36.64704639,1368,-78.95346,-5.16826,M,SA,N,-9.61,11.43,5.086226499,NA,NA,NA,NA,NA
6275 spring 2013,6275,3/19/13,2013,CA1,Cajamarca,Peru,AM/CA,high,36.64704639,1368,-78.95346,-5.16826,M,A,Y,-10.62,10.74,3.943209353,NA,NA,NA,NA,NA
6276 spring 2013,6276,3/19/13,2013,CA1,Cajamarca,Peru,AM/CA,high,36.64704639,1368,-78.95346,-5.16826,M,A,Y,-11.66,10.72,3.488624371,NA,NA,NA,NA,NA
6276 summer 2013,6276,NA,2013,CA1,Cajamarca,Peru,AM/CA,high,36.64704639,1368,-78.95346,-5.16826,M,A,Y,-11.93,10.55,3.252460607,NA,NA,NA,NA,NA
6212 fall 2013,6212,10/6/13,2013,CA1,Cajamarca,Peru,AM/CA,high,36.64704639,1368,-78.95346,-5.16826,F,A,N,NA,NA,NA,NA,NA,NA,NA,NA
6213 fall 2013,6213,10/6/13,2013,CA1,Cajamarca,Peru,AM/CA,high,36.64704639,1368,-78.95346,-5.16826,M,A,Y,NA,NA,NA,NA,NA,NA,NA,NA
6214 fall 2013,6214,10/6/13,2013,CA1,Cajamarca,Peru,AM/CA,high,36.64704639,1368,-78.95346,-5.16826,F,SA,N,NA,NA,NA,NA,NA,NA,NA,NA
6215 fall 2013,6215,10/6/13,2013,CA1,Cajamarca,Peru,AM/CA,high,36.64704639,1368,-78.95346,-5.16826,M,J,N,NA,NA,NA,NA,NA,NA,NA,NA
6216 fall 2013,6216,10/6/13,2013,CA1,Cajamarca,Peru,AM/CA,high,36.64704639,1368,-78.95346,-5.16826,F,A,Y,NA,NA,NA,NA,NA,NA,NA,NA
6217 fall 2013,6217,10/6/13,2013,CA1,Cajamarca,Peru,AM/CA,high,36.64704639,1368,-78.95346,-5.16826,F,A,Y,NA,NA,NA,NA,NA,NA,NA,NA
6205 fall 2013,6205,10/5/13,2013,CA1,Cajamarca,Peru,AM/CA,high,36.64704639,1368,-78.95346,-5.16826,F,A,N,NA,NA,NA,NA,NA,NA,NA,NA
6206 fall 2013,6206,10/5/13,2013,CA1,Cajamarca,Peru,AM/CA,high,36.64704639,1368,-78.95346,-5.16826,M,J,N,NA,NA,NA,NA,NA,NA,NA,NA
6207 fall 2013,6207,10/6/13,2013,CA1,Cajamarca,Peru,AM/CA,high,36.64704639,1368,-78.95346,-5.16826,F,J,N,NA,NA,NA,NA,NA,NA,NA,NA
6208 fall 2013,6208,10/6/13,2013,CA1,Cajamarca,Peru,AM/CA,high,36.64704639,1368,-78.95346,-5.16826,F,A,N,NA,NA,NA,NA,NA,NA,NA,NA
6209 fall 2013,6209,10/6/13,2013,CA1,Cajamarca,Peru,AM/CA,high,36.64704639,1368,-78.95346,-5.16826,M,J,N,NA,NA,NA,NA,NA,NA,NA,NA
6210 fall 2013,6210,10/6/13,2013,CA1,Cajamarca,Peru,AM/CA,high,36.64704639,1368,-78.95346,-5.16826,M,J,N,NA,NA,NA,NA,NA,NA,NA,NA
6211 fall 2013,6211,10/6/13,2013,CA1,Cajamarca,Peru,AM/CA,high,36.64704639,1368,-78.95346,-5.16826,M,J,N,NA,NA,NA,NA,NA,NA,NA,NA
D233 summer 2016,D233,8/5/16,2016,CA1,Cajamarca,Peru,AM/CA,high,36.64704639,1368,-78.95346,-5.16826,M,A,N,-11.12,12.06,4.930040568,NA,NA,1,1,1
6297 fall 2015,6297,10/9/15,2015,CA1,Cajamarca,Peru,AM/CA,high,36.64704639,1368,-78.95346,-5.16826,F,A,Y,-11.39,9.32,2.332595121,NA,NA,0,0,0
6297 summer 2013,6297,7/8/13,2013,CA1,Cajamarca,Peru,AM/CA,high,36.64704639,1368,-78.95346,-5.16826,F,A,N,-10.39,9.94,3.440726667,NA,NA,NA,NA,NA
6298 summer 2013,6298,7/8/13,2013,CA1,Cajamarca,Peru,AM/CA,high,36.64704639,1368,-78.95346,-5.16826,F,A,N,-10.08,13.25,6.419034195,NA,NA,NA,NA,NA
6299 summer 2013,6299,7/8/13,2013,CA1,Cajamarca,Peru,AM/CA,high,36.64704639,1368,-78.95346,-5.16826,M,A,Y,-12.145,11.21,3.860106864,NA,NA,NA,NA,NA
D83 fall 2015,D83,10/9/15,2015,CA1,Cajamarca,Peru,AM/CA,high,36.64704639,1368,-78.95346,-5.16826,F,A,N,-11.88,11.5,4.191002267,-1.985027159,1.958830748,1,0,0
6218 fall 2013,6218,10/6/13,2013,CA1,Cajamarca,Peru,AM/CA,high,36.64704639,1368,-78.95346,-5.16826,F,SA,N,NA,NA,NA,NA,NA,NA,NA,NA
6219 fall 2013,6219,10/6/13,2013,CA1,Cajamarca,Peru,AM/CA,high,36.64704639,1368,-78.95346,-5.16826,M,A,Y,NA,NA,NA,NA,NA,NA,NA,NA
6220 fall 2013,6220,10/6/13,2013,CA1,Cajamarca,Peru,AM/CA,high,36.64704639,1368,-78.95346,-5.16826,M,A,Y,NA,NA,NA,NA,NA,NA,NA,NA
6221 fall 2013,6221,10/6/13,2013,CA1,Cajamarca,Peru,AM/CA,high,36.64704639,1368,-78.95346,-5.16826,M,A,Y,NA,NA,NA,NA,NA,NA,NA,NA
D230 summer 2016,D230,8/5/16,2016,CA1,Cajamarca,Peru,AM/CA,high,36.64704639,1368,-78.95346,-5.16826,M,SA,N,-14.751,10.405,2.757655889,-0.337220401,-0.177505446,1,0,0
D231 summer 2016,D231,8/5/16,2016,CA1,Cajamarca,Peru,AM/CA,high,36.64704639,1368,-78.95346,-5.16826,M,A,Y,-9.663,10.101,4.070981454,0.18761238,-0.218163555,1,0,0
D232 summer 2016,D232,8/5/16,2016,CA1,Cajamarca,Peru,AM/CA,high,36.64704639,1368,-78.95346,-5.16826,F,A,N,-9.381,12.103,5.764384616,-2.158994946,-0.683575868,1,1,1
6296 summer 2013,6296,7/7/13,2013,CA1,Cajamarca,Peru,AM/CA,high,36.64704639,1368,-78.95346,-5.16826,F,A,N,NA,NA,NA,NA,NA,NA,NA,NA
D90 fall 2015,D90,10/10/15,2015,CA1,Cajamarca,Peru,AM/CA,high,36.64704639,1368,-78.95346,-5.16826,F,A,N,-11.83,10.9,3.616213489,-0.664057156,0.813040729,0,1,0
D220 summer 2016,D220,6/16/16,2016,CA1,Cajamarca,Peru,AM/CA,high,36.64704639,1368,-78.95346,-5.16826,F,A,Y,-12.743,10.973,3.583258015,1.89598731,-0.667043742,1,0,0
D221 summer 2016,D221,6/16/16,2016,CA1,Cajamarca,Peru,AM/CA,high,36.64704639,1368,-78.95346,-5.16826,M,A,Y,-12.379,11.639,4.261108072,1.997916453,-0.191046431,1,1,1
D222 summer 2016,D222,6/16/16,2016,CA1,Cajamarca,Peru,AM/CA,high,36.64704639,1368,-78.95346,-5.16826,M,A,Y,-10.91,9.273,2.598035604,2.302243233,-1.215736264,1,0,0
6300 summer 2013,6300,7/8/13,2013,CA1,Cajamarca,Peru,AM/CA,high,36.64704639,1368,-78.95346,-5.16826,F,A,N,-13.06,10,2.63471061,NA,NA,NA,NA,NA
D84 fall 2015,D84,10/9/15,2015,CA1,Cajamarca,Peru,AM/CA,high,36.64704639,1368,-78.95346,-5.16826,F,A,N,-11.93,12.15,4.821877228,NA,NA,1,1,1
6290 summer 2013,6290,7/7/13,2013,CA1,Cajamarca,Peru,AM/CA,high,36.64704639,1368,-78.95346,-5.16826,F,A,N,-9.36,10.98,4.90343757,NA,NA,NA,NA,NA
6272 spring 2013,6272,3/19/13,2013,CA1,Cajamarca,Peru,AM/CA,high,36.64704639,1368,-78.95346,-5.16826,M,A,Y,-11.28,12.98,5.76753847,NA,NA,NA,NA,NA
6292 summer 2013,6292,7/7/13,2013,CA1,Cajamarca,Peru,AM/CA,high,36.64704639,1368,-78.95346,-5.16826,F,A,N,-13.15,10.64,3.281005943,NA,NA,NA,NA,NA
SP1 fall 2015,SP1,10/10/15,2015,CA1,Cajamarca,Peru,AM/CA,high,36.64704639,1368,-78.95346,-5.16826,M,A,Y,-9.888,10.462,4.164676218,0.981268072,0.492636554,1,1,1
6294 summer 2013,6294,NA,2013,CA1,Cajamarca,Peru,AM/CA,high,36.64704639,1368,-78.95346,-5.16826,M,A,N,NA,NA,NA,NA,NA,NA,NA,NA
6295 summer 2013,6295,7/7/13,2013,CA1,Cajamarca,Peru,AM/CA,high,36.64704639,1368,-78.95346,-5.16826,M,SA,N,-9.6,11.18,4.896335364,NA,NA,NA,NA,NA
D219 summer 2016,D219,6/16/16,2016,CA1,Cajamarca,Peru,AM/CA,high,36.64704639,1368,-78.95346,-5.16826,F,A,N,-10.54,9.982,3.37402786,1.876895277,-1.119419231,0,0,0
D89 fall 2015,D89,10/9/15,2015,CA1,Cajamarca,Peru,AM/CA,high,36.64704639,1368,-78.95346,-5.16826,F,A,N,-17.891,9.107,3.571690076,0.191186321,1.359808429,0,1,0
D226 summer 2016,D226,6/17/16,2016,CA1,Cajamarca,Peru,AM/CA,high,36.64704639,1368,-78.95346,-5.16826,M,A,Y,-14.198,12.025,4.39627672,1.625150447,-0.705142354,1,1,1
D227 summer 2016,D227,8/4/16,2016,CA1,Cajamarca,Peru,AM/CA,high,36.64704639,1368,-78.95346,-5.16826,M,A,Y,-10.974,11.002,4.003201219,1.883194279,-0.088217148,0,1,0
D91 fall 2015,D91,10/10/15,2015,CA1,Cajamarca,Peru,AM/CA,high,36.64704639,1368,-78.95346,-5.16826,F,A,N,-16.23,11.21,3.903024468,NA,NA,1,1,1
D223 summer 2016,D223,6/16/16,2016,CA1,Cajamarca,Peru,AM/CA,high,36.64704639,1368,-78.95346,-5.16826,M,A,Y,-15.491,11.699,4.139531616,1.459175231,-0.104174803,1,0,0
6293 summer 2013,6293,7/7/13,2013,CA1,Cajamarca,Peru,AM/CA,high,36.64704639,1368,-78.95346,-5.16826,F,A,N,-12.81,8.82,1.434224529,NA,NA,NA,NA,NA
D217 summer 2016,D217,6/16/16,2016,CA1,Cajamarca,Peru,AM/CA,high,36.64704639,1368,-78.95346,-5.16826,M,A,Y,-11.776,10.808,3.540692023,0.395330214,1.109583106,0,0,0
6291 summer 2013,6291,7/7/13,2013,CA1,Cajamarca,Peru,AM/CA,high,36.64704639,1368,-78.95346,-5.16826,M,SA,Y,-13.8,11.79,4.222380845,NA,NA,NA,NA,NA
D229 summer 2016,D229,8/5/16,2016,CA1,Cajamarca,Peru,AM/CA,high,36.64704639,1368,-78.95346,-5.16826,F,A,N,-11.248,11.108,3.991469404,0.9298364,0.606662848,1,1,1
D92 fall 2015,D92,10/10/15,2015,CA1,Cajamarca,Peru,AM/CA,high,36.64704639,1368,-78.95346,-5.16826,F,A,N,-9.63,11.75,5.33240096,-1.93375581,0.248313135,1,1,1
D224 summer 2016,D224,6/17/16,2016,CA1,Cajamarca,Peru,AM/CA,high,36.64704639,1368,-78.95346,-5.16826,M,A,N,-9.499,11.31,5.060909108,0.489707421,-0.353030941,1,1,1
D218 summer 2016,D218,6/16/16,2016,CA1,Cajamarca,Peru,AM/CA,high,36.64704639,1368,-78.95346,-5.16826,M,A,Y,-10.22,9.849,3.492431961,2.030442913,-0.541998128,1,0,0
D88 fall 2015,D88,10/9/15,2015,CA1,Cajamarca,Peru,AM/CA,high,36.64704639,1368,-78.95346,-5.16826,M,A,N,-9.1,9.24,4.047530111,-3.084551365,0.17094821,1,1,1
D86 fall 2015,D86,10/9/15,2015,CA1,Cajamarca,Peru,AM/CA,high,36.64704639,1368,-78.95346,-5.16826,M,A,Y,-11.66,10.4,3.184603586,0.279023151,0.850792254,1,0,0
D87 fall 2015,D87,10/9/15,2015,CA1,Cajamarca,Peru,AM/CA,high,36.64704639,1368,-78.95346,-5.16826,F,A,N,-10.12,8.85,2.964456105,-0.751270495,0.125639327,1,1,1
D225 summer 2016,D225,6/17/16,2016,CA1,Cajamarca,Peru,AM/CA,high,36.64704639,1368,-78.95346,-5.16826,M,A,Y,-12.58,8.748,1.363291605,0.634985043,0.69631899,1,0,0
D228 summer 2016,D228,8/5/16,2016,CA1,Cajamarca,Peru,AM/CA,high,36.64704639,1368,-78.95346,-5.16826,F,A,N,-13.213,9.795,2.459104308,NA,NA,1,1,1
D85 fall 2015,D85,10/9/15,2015,CA1,Cajamarca,Peru,AM/CA,high,36.64704639,1368,-78.95346,-5.16826,F,A,N,-12.063,12.732,5.379845072,-1.531911376,-0.21194089,0,0,0
D93 fall 2015,D93,10/10/15,2015,CA1,Cajamarca,Peru,AM/CA,high,36.64704639,1368,-78.95346,-5.16826,F,SA,N,-11.66,10.27,3.062025473,-2.088896448,1.280343417,1,1,1
D255 fall 2016,D255,9/7/16,2016,LR1,Loreto,Peru,LR,low,10.25112631,100,-73.30289215,-4.241265217,F,A,N,-23.5,12.98,3.551957207,-0.325774302,0.628671269,1,1,1
D254 fall 2016,D254,9/7/16,2016,LR1,Loreto,Peru,LR,low,10.25112631,100,-73.30289215,-4.241265217,F,A,N,-23.53,13.84,4.205199163,1.05022851,-0.756021882,1,1,1
D28 fall 2014,D28,9/17/14,2014,LR1,Loreto,Peru,LR,low,10.25112631,100,-73.30289215,-4.241265217,M,A,Y,-22.28,12.52,2.980603966,NA,NA,NA,NA,NA
D253 fall 2016,D253,9/7/16,2016,LR1,Loreto,Peru,LR,low,10.25112631,100,-73.30289215,-4.241265217,F,A,N,-22.8,14.31,4.805132672,-2.204443115,1.846084658,1,1,1
D60 fall 2014,D60,11/2/14,2014,LR1,Loreto,Peru,LR,low,10.25112631,100,-73.30289215,-4.241265217,M,A,Y,-23.94,12.09,2.616199534,NA,NA,NA,NA,NA
D29 fall 2014,D29,9/17/14,2014,LR1,Loreto,Peru,LR,low,10.25112631,100,-73.30289215,-4.241265217,F,SA,N,-23.82,11.46,2.361440238,NA,NA,NA,NA,NA
D252 fall 2016,D252,9/7/16,2016,LR1,Loreto,Peru,LR,low,10.25112631,100,-73.30289215,-4.241265217,F,A,Y,-24.62,12.97,2.89794755,-2.589246863,2.93422988,1,1,1
D27 fall 2014,D27,9/17/14,2014,LR1,Loreto,Peru,LR,low,10.25112631,100,-73.30289215,-4.241265217,F,A,N,-25.84,13.44,2.887369045,NA,NA,NA,NA,NA
D61 fall 2014,D61,11/2/14,2014,LR1,Loreto,Peru,LR,low,10.25112631,100,-73.30289215,-4.241265217,M,A,N,-24.7,13.24,3.109340766,NA,NA,NA,NA,NA
D32 fall 2014,D32,9/17/14,2014,LR1,Loreto,Peru,LR,low,10.25112631,100,-73.30289215,-4.241265217,F,A,Y,-23.3,11.23,2.005617112,NA,NA,NA,NA,NA
D79 fall 2015,D79,9/23/15,2015,LR1,Loreto,Peru,LR,low,10.25112631,100,-73.30289215,-4.241265217,F,A,N,-22.7,12.15,2.653770902,NA,NA,1,0,0
D30 fall 2014,D30,9/17/14,2014,LR1,Loreto,Peru,LR,low,10.25112631,100,-73.30289215,-4.241265217,M,A,Y,-23.78,12.68,3.141591953,NA,NA,NA,NA,NA
D31 fall 2014,D31,9/17/14,2014,LR1,Loreto,Peru,LR,low,10.25112631,100,-73.30289215,-4.241265217,F,A,Y,-22.17,12.34,2.800446393,NA,NA,NA,NA,NA
D81 fall 2015,D81,9/24/15,2015,LR1,Loreto,Peru,LR,low,10.25112631,100,-73.30289215,-4.241265217,M,A,N,-22.74,13.51,4.003910588,-0.451157232,-0.243649443,1,NA,NA
D251 fall 2016,D251,9/7/16,2016,LR1,Loreto,Peru,LR,low,10.25112631,100,-73.30289215,-4.241265217,M,A,N,-22.2,12.57,3.030066006,-2.304816999,0.916335525,1,1,1
D80 fall 2015,D80,9/23/15,2015,LR1,Loreto,Peru,LR,low,10.25112631,100,-73.30289215,-4.241265217,M,A,Y,-22.72,11.99,2.50049995,NA,NA,1,1,1
D33 fall 2014,D33,9/17/14,2014,LR1,Loreto,Peru,LR,low,10.25112631,100,-73.30289215,-4.241265217,F,A,N,-25.86,13.75,3.17855313,NA,NA,NA,NA,NA
D256 fall 2016,D256,9/11/16,2016,LR2,Loreto,Peru,LR,low,9.966661119,100,-73.19861147,-4.290330531,F,A,N,-13.39,12.68,5.001369812,-1.398016944,0.69894127,1,1,1
D41 fall 2014,D41,9/22/14,2014,LR2,Loreto,Peru,LR,low,9.966661119,100,-73.19861147,-4.290330531,M,A,Y,-14.51,11.52,3.400367627,NA,NA,NA,NA,NA
D262 fall 2016,D262,9/12/16,2016,LR2,Loreto,Peru,LR,low,9.966661119,100,-73.19861147,-4.290330531,F,A,N,-14.38,13.24,4.732060862,-3.15566369,-0.460497587,1,1,1
D40 fall 2014,D40,9/22/14,2014,LR2,Loreto,Peru,LR,low,9.966661119,100,-73.19861147,-4.290330531,M,A,Y,-19.75,13.06,3.814734591,NA,NA,NA,NA,NA
D42 fall 2014,D42,9/22/14,2014,LR2,Loreto,Peru,LR,low,9.966661119,100,-73.19861147,-4.290330531,F,A,N,-16.92,13.24,3.810301825,NA,NA,NA,NA,NA
D58 fall 2014,D58,10/29/14,2014,LR2,Loreto,Peru,LR,low,9.966661119,100,-73.19861147,-4.290330531,F,A,Y,-14.3,11.39,3.494638751,NA,NA,NA,NA,NA
D59 fall 2014,D59,10/29/14,2014,LR2,Loreto,Peru,LR,low,9.966661119,100,-73.19861147,-4.290330531,M,A,Y,-14.31,12.97,4.562126697,NA,NA,NA,NA,NA
D59 spring 2016,D59,5/13/16,2016,LR2,Loreto,Peru,LR,low,9.966661119,100,-73.19861147,-4.290330531,M,A,Y,-14.882,12.066,3.502713234,1.157757101,0.774328642,1,0,0
D57 fall 2015,D57,9/19/15,2015,LR2,Loreto,Peru,LR,low,9.966661119,100,-73.19861147,-4.290330531,F,A,N,-15.85,11.81,2.727526352,1.32817939,0.446769176,1,0,0
D261 fall 2016,D261,9/12/16,2016,LR2,Loreto,Peru,LR,low,9.966661119,100,-73.19861147,-4.290330531,F,SA,Y,-16.17,13.17,3.869599462,NA,NA,1,1,1
D39 fall 2014,D39,9/22/14,2014,LR2,Loreto,Peru,LR,low,9.966661119,100,-73.19861147,-4.290330531,F,A,N,-15.83,12.89,3.712061422,NA,NA,NA,NA,NA
D39 fall 2015,D39,9/19/15,2015,LR2,Loreto,Peru,LR,low,9.966661119,100,-73.19861147,-4.290330531,F,A,N,-14.38,11.66,3.588983143,-2.561903295,-0.592812691,0,1,0
D257 fall 2016,D257,9/11/16,2016,LR2,Loreto,Peru,LR,low,9.966661119,100,-73.19861147,-4.290330531,F,SA,N,-13.59,12.82,4.945351353,-1.939798202,0.32135785,0,1,0
D74 fall 2015,D74,9/19/15,2015,LR2,Loreto,Peru,LR,low,9.966661119,100,-73.19861147,-4.290330531,F,A,N,-13.85,14.38,5.96876034,-1.232848278,1.556085363,1,1,1
D75 fall 2015,D75,9/19/15,2015,LR2,Loreto,Peru,LR,low,9.966661119,100,-73.19861147,-4.290330531,F,A,N,-14.65,11.64,3.367862824,0.096160445,1.097458021,1,1,1
D76 fall 2015,D76,9/19/15,2015,LR2,Loreto,Peru,LR,low,9.966661119,100,-73.19861147,-4.290330531,F,A,N,-14.38,13.12,4.636248483,NA,NA,1,1,1
D57 fall 2014,D57,10/29/14,2014,LR2,Loreto,Peru,LR,low,9.966661119,100,-73.19861147,-4.290330531,F,A,N,-14.47,11.29,3.297787137,NA,NA,NA,NA,NA
D78 fall 2015,D78,9/19/15,2015,LR2,Loreto,Peru,LR,low,9.966661119,100,-73.19861147,-4.290330531,F,A,N,-14.26,12.71,4.397328735,-0.850148554,0.301527942,1,1,1
D258 fall 2016,D258,9/11/16,2016,LR2,Loreto,Peru,LR,low,9.966661119,100,-73.19861147,-4.290330531,F,A,N,-15.08,11.07,2.674191467,-2.075858074,2.151893719,1,0,0
D259 fall 2016,D259,9/11/16,2016,LR2,Loreto,Peru,LR,low,9.966661119,100,-73.19861147,-4.290330531,M,SA,N,-13.39,13.25,5.388153673,-2.660421966,0.107027061,1,1,1
D77 fall 2015,D77,9/19/15,2015,LR2,Loreto,Peru,LR,low,9.966661119,100,-73.19861147,-4.290330531,M,A,N,-13.16,13.27,5.566911172,-1.236326137,-0.34930583,1,1,1
D260 fall 2016,D260,9/11/16,2016,LR2,Loreto,Peru,LR,low,9.966661119,100,-73.19861147,-4.290330531,F,A,N,-13.16,12.83,5.273869547,-3.272064343,1.087404597,1,1,1
D38 fall 2014,D38,9/22/14,2014,LR2,Loreto,Peru,LR,low,9.966661119,100,-73.19861147,-4.290330531,F,A,N,-14.25,12.68,4.381791871,NA,NA,NA,NA,NA
D246 fall 2016,D246,9/2/16,2016,LR3,Loreto,Peru,LR,low,9.880528837,100,-73.21845956,-4.306649091,M,A,N,-17.29,13.45,4.011009848,1.710573954,0.153605223,1,1,1
D69 fall 2015,D69,9/16/15,2015,LR3,Loreto,Peru,LR,low,9.880528837,100,-73.21845956,-4.306649091,F,A,N,-24.53,13.06,3.019023021,-0.680873118,0.486124507,1,1,1
D248 fall 2016,D248,9/3/16,2016,LR3,Loreto,Peru,LR,low,9.880528837,100,-73.21845956,-4.306649091,M,A,N,-20.6,14.12,4.858065459,-2.122297001,0.830901632,1,1,1
D215 spring 2016,D215,5/8/16,2016,LR3,Loreto,Peru,LR,low,9.880528837,100,-73.21845956,-4.306649091,M,A,Y,-23.906,13.308,3.553783899,0.882005714,0.96147207,1,1,1
D243 fall 2016,D243,9/2/16,2016,LR3,Loreto,Peru,LR,low,9.880528837,100,-73.21845956,-4.306649091,M,A,Y,-21.11,13.2,3.824617628,0.167658016,1.303619198,1,0,0
D244 fall 2016,D244,9/2/16,2016,LR3,Loreto,Peru,LR,low,9.880528837,100,-73.21845956,-4.306649091,M,A,N,-22.7,13.79,4.277019991,-0.31753907,0.389796334,1,1,1
D73 fall 2015,D73,9/17/15,2015,LR3,Loreto,Peru,LR,low,9.880528837,100,-73.21845956,-4.306649091,F,SA,N,-13.76,14.61,6.209871174,-2.12410996,0.203112438,1,1,1
D71 fall 2015,D71,9/16/15,2015,LR3,Loreto,Peru,LR,low,9.880528837,100,-73.21845956,-4.306649091,F,A,N,-13.9,14.15,5.751008607,-0.617683092,1.289733703,1,1,1
D72 fall 2015,D72,9/17/15,2015,LR3,Loreto,Peru,LR,low,9.880528837,100,-73.21845956,-4.306649091,F,A,N,-25.19,12.73,2.460772237,-2.004004262,1.379634267,0,0,0
D36 fall 2014,D36,9/20/14,2014,LR3,Loreto,Peru,LR,low,9.880528837,100,-73.21845956,-4.306649091,M,A,Y,-18.62,13.86,4.39291475,NA,NA,NA,NA,NA
D37 fall 2014,D37,9/21/14,2014,LR3,Loreto,Peru,LR,low,9.880528837,100,-73.21845956,-4.306649091,F,A,N,-12.2,13.97,6.746917815,NA,NA,NA,NA,NA
D68 fall 2015,D68,9/16/15,2015,LR3,Loreto,Peru,LR,low,9.880528837,100,-73.21845956,-4.306649091,M,A,N,-24.15,13.33,3.440261618,-0.900892795,-0.200200983,1,1,1
CH1 fall 2014,CH1,9/20/14,2014,LR3,Loreto,Peru,LR,low,9.880528837,100,-73.21845956,-4.306649091,F,A,N,-24.44,13.5,3.453230372,NA,NA,NA,NA,NA
D216 spring 2016,D216,5/8/16,2016,LR3,Loreto,Peru,LR,low,9.880528837,100,-73.21845956,-4.306649091,M,A,Y,-23.47,13.734,4.153530546,0.53562934,-0.312796711,1,1,1
D70 fall 2015,D70,9/16/15,2015,LR3,Loreto,Peru,LR,low,9.880528837,100,-73.21845956,-4.306649091,F,A,N,-23.86,14.06,4.217345136,-0.694576519,1.12079566,1,1,1
D242 fall 2016,D242,9/2/16,2016,LR3,Loreto,Peru,LR,low,9.880528837,100,-73.21845956,-4.306649091,M,A,Y,-23.45,13.07,3.651985761,0.52103679,1.39874352,1,1,1
D249 fall 2016,D249,9/3/16,2016,LR3,Loreto,Peru,LR,low,9.880528837,100,-73.21845956,-4.306649091,F,A,N,-15.87,13.56,4.3293533,-2.954667742,0.646918582,1,1,1
D247 fall 2016,D247,9/2/16,2016,LR3,Loreto,Peru,LR,low,9.880528837,100,-73.21845956,-4.306649091,F,A,N,-21.84,12.35,2.835577543,-0.475006929,-0.21847158,1,0,0
D245 fall 2016,D245,9/2/16,2016,LR3,Loreto,Peru,LR,low,9.880528837,100,-73.21845956,-4.306649091,M,A,N,-23.36,15.63,5.840898903,-2.980316617,2.740424386,1,1,1
D67 fall 2015,D67,9/16/15,2015,LR3,Loreto,Peru,LR,low,9.880528837,100,-73.21845956,-4.306649091,F,A,N,-14.54,13.73,5.047742069,-0.610312567,0.7964831,1,1,1
D250 fall 2016,D250,9/3/16,2016,LR3,Loreto,Peru,LR,low,9.880528837,100,-73.21845956,-4.306649091,F,A,N,-14.35,13.34,4.830372656,-1.270393376,-1.703391399,1,1,1
D240 fall 2016,D240,8/30/16,2016,LR4,Loreto,Peru,LR,low,8.839350661,100,-73.20441225,-4.21052333,F,A,Y,-16.53,12.81,3.435956926,NA,NA,NA,1,NA
D43 fall 2014,D43,9/23/14,2014,LR4,Loreto,Peru,LR,low,8.839350661,100,-73.20441225,-4.21052333,F,A,N,-20.04,12.23,3.143501233,NA,NA,NA,NA,NA
D241 fall 2016,D241,8/31/16,2016,LR4,Loreto,Peru,LR,low,8.839350661,100,-73.20441225,-4.21052333,F,SA,N,-14.77,14.8,5.885108325,-3.098425231,-0.076390307,1,1,1
D45 fall 2014,D45,9/23/14,2014,LR4,Loreto,Peru,LR,low,8.839350661,100,-73.20441225,-4.21052333,F,A,N,-16.68,12.53,3.133448579,NA,NA,NA,NA,NA
ESP1 fall 2014,ESP1,9/23/14,2014,LR4,Loreto,Peru,LR,low,8.839350661,100,-73.20441225,-4.21052333,F,A,N,-16.06,12.7,3.453577855,NA,NA,NA,NA,NA
D238 fall 2016,D238,8/30/16,2016,LR4,Loreto,Peru,LR,low,8.839350661,100,-73.20441225,-4.21052333,F,A,N,-17.21,14.15,4.710010616,-1.040672458,-1.276449426,1,1,1
D239 fall 2016,D239,8/30/16,2016,LR4,Loreto,Peru,LR,low,8.839350661,100,-73.20441225,-4.21052333,F,A,N,-17.92,12.75,3.324154028,0.026887401,-0.889816289,0,0,0
D44 fall 2014,D44,9/23/14,2014,LR4,Loreto,Peru,LR,low,8.839350661,100,-73.20441225,-4.21052333,M,A,Y,-20.54,12.3,3.124435949,NA,NA,NA,NA,NA
D56 fall 2014,D56,10/26/14,2014,LR4,Loreto,Peru,LR,low,8.839350661,100,-73.20441225,-4.21052333,F,A,Y,-16.02,13,3.750466638,NA,NA,NA,NA,NA
D54-2 fall 2016,D54,9/14/16,2016,LR4,Loreto,Peru,LR,low,8.839350661,100,-73.20441225,-4.21052333,F,A,N,NA,NA,NA,1.705288667,1.467359307,0,0,0
D263 fall 2016,D263,9/14/16,2016,LR4,Loreto,Peru,LR,low,8.839350661,100,-73.20441225,-4.21052333,M,A,Y,-16.75,13.31,3.896074948,0.833102593,-0.652026361,1,1,1
D46 fall 2014,D46,9/23/14,2014,LR4,Loreto,Peru,LR,low,8.839350661,100,-73.20441225,-4.21052333,F,A,N,-16.03,14.14,4.843438861,NA,NA,NA,NA,NA
D54-1 fall 2016,D54,8/30/16,2016,LR4,Loreto,Peru,LR,low,8.839350661,100,-73.20441225,-4.21052333,F,A,Y,-18.05,12.78,3.335296089,-0.383010346,1.24322382,1,0,0
EBZ1 fall 2016,EBZ1,8/31/16,2016,LR4,Loreto,Peru,LR,low,8.839350661,100,-73.20441225,-4.21052333,M,A,Y,-17.58,12.81,3.391356661,1.573376794,1.785810698,1,1,1
D54 fall 2014,D54,10/26/14,2014,LR4,Loreto,Peru,LR,low,8.839350661,100,-73.20441225,-4.21052333,F,A,Y,-16.67,12.05,2.663268668,NA,NA,NA,NA,NA
D55 fall 2014,D55,10/26/14,2014,LR4,Loreto,Peru,LR,low,8.839350661,100,-73.20441225,-4.21052333,F,A,N,-16.6,12.44,3.059411708,NA,NA,NA,NA,NA
D82 fall 2015,D82,9/26/15,2015,LR4,Loreto,Peru,LR,low,8.839350661,100,-73.20441225,-4.21052333,M,A,Y,-16.06,12.89,3.633469416,0.928406415,-0.366085903,1,NA,NA
D146 spring 2015,D146,4/23/15,2015,OW1,Orange Walk,Belize,OW,high,30.4748085,30,-88.73057183,17.81564123,M,A,Y,-12.09,11.67,5.141925709,1.59762426,0.284378103,0,0,0
D148 spring 2015,D148,4/23/15,2015,OW1,Orange Walk,Belize,OW,high,30.4748085,30,-88.73057183,17.81564123,M,A,Y,-11.985,12.335,5.806569555,2.055220552,0.299124572,1,0,0
D106 spring 2014,D106,4/29/14,2014,OW1,Orange Walk,Belize,OW,high,30.4748085,30,-88.73057183,17.81564123,M,A,Y,-14.72,11.06,3.88253783,NA,NA,NA,NA,NA
D123 spring 2014,D123,5/3/14,2014,OW1,Orange Walk,Belize,OW,high,30.4748085,30,-88.73057183,17.81564123,M,A,Y,-15.13,13.35,5.52851698,NA,NA,NA,NA,NA
D113 spring 2014,D113,5/1/14,2014,OW1,Orange Walk,Belize,OW,high,30.4748085,30,-88.73057183,17.81564123,M,A,Y,-11.52,11.94,5.598928469,0.885812834,0.094509221,NA,NA,NA
D124 spring 2014,D124,5/3/14,2014,OW1,Orange Walk,Belize,OW,high,30.4748085,30,-88.73057183,17.81564123,F,A,N,NA,NA,NA,NA,NA,NA,NA,NA
D120 spring 2014,D120,5/1/14,2014,OW1,Orange Walk,Belize,OW,high,30.4748085,30,-88.73057183,17.81564123,F,A,N,-16.61,11.62,3.381952099,NA,NA,NA,NA,NA
D141 spring 2016,D141,4/27/16,2016,OW1,Orange Walk,Belize,OW,high,30.4748085,30,-88.73057183,17.81564123,M,A,Y,NA,NA,NA,0.801930611,-0.23746083,1,0,0
D147 spring 2015,D147,4/23/15,2015,OW1,Orange Walk,Belize,OW,high,30.4748085,30,-88.73057183,17.81564123,M,SA,Y,-12.17,11.8,5.240696519,NA,NA,1,1,1
D104 spring 2014,D104,4/29/14,2014,OW1,Orange Walk,Belize,OW,high,30.4748085,30,-88.73057183,17.81564123,M,A,Y,-11.48,12.4,6.038840948,NA,NA,NA,NA,NA
D177 spring 2016,D177,4/27/16,2016,OW1,Orange Walk,Belize,OW,high,30.4748085,30,-88.73057183,17.81564123,M,A,Y,-8.83,11.81,7.014855665,NA,NA,0,0,0
D182 spring 2016,D182,4/27/16,2016,OW1,Orange Walk,Belize,OW,high,30.4748085,30,-88.73057183,17.81564123,M,A,Y,-10.86,12.22,6.137654275,NA,NA,1,1,1
KAK4 spring 2014,KAK4,4/30/14,2014,OW1,Orange Walk,Belize,OW,high,30.4748085,30,-88.73057183,17.81564123,F,A,N,-16.5,10.8,2.640776401,NA,NA,NA,NA,NA
KAK5 spring 2014,KAK5,4/30/14,2014,OW1,Orange Walk,Belize,OW,high,30.4748085,30,-88.73057183,17.81564123,M,A,Y,-10.72,12.18,6.169667738,NA,NA,NA,NA,NA
D131 spring 2015,D131,4/22/15,2015,OW1,Orange Walk,Belize,OW,high,30.4748085,30,-88.73057183,17.81564123,M,A,Y,NA,NA,NA,NA,NA,1,1,1
D132 spring 2015,D132,4/22/15,2015,OW1,Orange Walk,Belize,OW,high,30.4748085,30,-88.73057183,17.81564123,M,A,Y,-10.73,13.39,7.24487405,2.403079059,-0.241391697,0,0,0
D122 spring 2014,D122,5/2/14,2014,OW1,Orange Walk,Belize,OW,high,30.4748085,30,-88.73057183,17.81564123,F,A,N,-12.09,12.56,5.991669217,NA,NA,NA,NA,NA
D112 spring 2014,D112,5/1/14,2014,OW1,Orange Walk,Belize,OW,high,30.4748085,30,-88.73057183,17.81564123,M,A,Y,-11.14,10.8,4.770744177,NA,NA,NA,NA,NA
D136 spring 2015,D136,4/22/15,2015,OW1,Orange Walk,Belize,OW,high,30.4748085,30,-88.73057183,17.81564123,M,A,Y,-12.75,12.59,5.874027579,NA,NA,0,0,0
D137 spring 2015,D137,4/22/15,2015,OW1,Orange Walk,Belize,OW,high,30.4748085,30,-88.73057183,17.81564123,M,A,Y,-11.19,12.75,6.47340714,1.711034514,-0.223618321,1,1,1
D178 spring 2016,D178,4/27/16,2016,OW1,Orange Walk,Belize,OW,high,30.4748085,30,-88.73057183,17.81564123,M,A,Y,-15.19,12.29,4.563693679,0.142757475,-0.582864951,0,0,0
D103 spring 2014,D103,4/29/14,2014,OW1,Orange Walk,Belize,OW,high,30.4748085,30,-88.73057183,17.81564123,M,A,Y,NA,NA,NA,NA,NA,NA,NA,NA
D114 spring 2014,D114,5/1/14,2014,OW1,Orange Walk,Belize,OW,high,30.4748085,30,-88.73057183,17.81564123,M,A,Y,-15.15,12.74,4.975339184,0.367967087,1.20021643,NA,NA,NA
D105 spring 2014,D105,4/29/14,2014,OW1,Orange Walk,Belize,OW,high,30.4748085,30,-88.73057183,17.81564123,M,A,Y,-11.98,11.61,5.121884419,NA,NA,NA,NA,NA
KAK1 spring 2014,KAK1,4/30/14,2014,OW1,Orange Walk,Belize,OW,high,30.4748085,30,-88.73057183,17.81564123,M,A,Y,-19.36,12.25,4.307505078,NA,NA,NA,NA,NA
KAK2 spring 2014,KAK2,4/30/14,2014,OW1,Orange Walk,Belize,OW,high,30.4748085,30,-88.73057183,17.81564123,M,SA,N,-11.12,12.39,6.173532214,NA,NA,NA,NA,NA
D119 spring 2014,D119,5/1/14,2014,OW1,Orange Walk,Belize,OW,high,30.4748085,30,-88.73057183,17.81564123,M,A,Y,-14.44,13.47,5.961291806,NA,NA,NA,NA,NA
D186 spring 2016,D186,4/27/16,2016,OW1,Orange Walk,Belize,OW,high,30.4748085,30,-88.73057183,17.81564123,F,A,N,-15.96,11.45,3.456963986,NA,NA,0,1,0
D183 spring 2016,D183,4/27/16,2016,OW1,Orange Walk,Belize,OW,high,30.4748085,30,-88.73057183,17.81564123,M,A,Y,NA,NA,NA,NA,NA,0,0,0
D133 spring 2015,D133,4/22/15,2015,OW1,Orange Walk,Belize,OW,high,30.4748085,30,-88.73057183,17.81564123,M,A,Y,-12.5,12.05,5.394450852,1.569027551,0.303477868,0,1,0
D121 spring 2014,D121,5/2/14,2014,OW1,Orange Walk,Belize,OW,high,30.4748085,30,-88.73057183,17.81564123,NA,A,N,-13.83,11.72,4.920823102,-0.043992999,1.351071431,NA,NA,NA
D101 spring 2014,D101,4/29/14,2014,OW1,Orange Walk,Belize,OW,high,30.4748085,30,-88.73057183,17.81564123,M,A,Y,-12.55,12.08,5.412439376,NA,NA,NA,NA,NA
D117 spring 2014,D117,5/1/14,2014,OW1,Orange Walk,Belize,OW,high,30.4748085,30,-88.73057183,17.81564123,M,SA,N,-9.5,12.78,7.33062071,NA,NA,NA,NA,NA
D139 spring 2015,D139,4/22/15,2015,OW1,Orange Walk,Belize,OW,high,30.4748085,30,-88.73057183,17.81564123,F,A,N,-10.74,12.25,6.221133337,1.19279477,0.883409411,1,0,0
D102 spring 2014,D102,4/29/14,2014,OW1,Orange Walk,Belize,OW,high,30.4748085,30,-88.73057183,17.81564123,M,A,Y,-10.97,13.25,7.019643866,NA,NA,NA,NA,NA
KAK3 spring 2014,KAK3,4/30/14,2014,OW1,Orange Walk,Belize,OW,high,30.4748085,30,-88.73057183,17.81564123,M,A,Y,-12.37,12.17,5.542003248,NA,NA,NA,NA,NA
D185 spring 2016,D185,4/27/16,2016,OW1,Orange Walk,Belize,OW,high,30.4748085,30,-88.73057183,17.81564123,M,A,Y,-10.22,10.46,5.077991729,0.395389783,0.584054115,0,0,0
D116 spring 2014,D116,5/1/14,2014,OW1,Orange Walk,Belize,OW,high,30.4748085,30,-88.73057183,17.81564123,M,A,Y,-11.66,12.25,5.833429523,NA,NA,NA,NA,NA
D180 spring 2016,D180,4/27/16,2016,OW1,Orange Walk,Belize,OW,high,30.4748085,30,-88.73057183,17.81564123,M,A,Y,-11.25,12.66,6.367079393,2.529631958,0.842152928,0,0,0
D134 spring 2015,D134,4/22/15,2015,OW1,Orange Walk,Belize,OW,high,30.4748085,30,-88.73057183,17.81564123,M,A,Y,-10.6,11.75,5.861919481,2.434650212,-0.354867924,0,1,0
D184 spring 2016,D184,4/27/16,2016,OW1,Orange Walk,Belize,OW,high,30.4748085,30,-88.73057183,17.81564123,M,A,Y,NA,NA,NA,NA,NA,1,1,1
D115 spring 2014,D115,5/1/14,2014,OW1,Orange Walk,Belize,OW,high,30.4748085,30,-88.73057183,17.81564123,M,NA,NA,-11.92,13.25,6.701857951,0.236848508,0.570831337,NA,NA,NA
D181 spring 2016,D181,4/27/16,2016,OW1,Orange Walk,Belize,OW,high,30.4748085,30,-88.73057183,17.81564123,M,A,Y,-12.7,11.62,4.930922835,NA,NA,0,1,0
D154 spring 2016,D154,4/25/16,2016,OW2,Orange Walk,Belize,OW,high,28.59884283,11,-88.654444,17.7525,M,SA,Y,-12.42,11.25,4.641648414,NA,NA,0,0,0
D110 spring 2014,D110,5/1/14,2014,OW2,Orange Walk,Belize,OW,high,28.59884283,11,-88.654444,17.7525,M,A,Y,NA,NA,NA,NA,NA,NA,NA,NA
D193 spring 2016,D193,4/27/16,2016,OW2,Orange Walk,Belize,OW,high,28.59884283,11,-88.654444,17.7525,M,SA,Y,NA,NA,NA,NA,NA,1,1,1
LAM3 spring 2014,LAM3,4/30/14,2014,OW2,Orange Walk,Belize,OW,high,28.59884283,11,-88.654444,17.7525,M,A,Y,-13.83,9.21,2.411679912,1.760078543,-0.020970315,NA,NA,NA
D151 spring 2015,D151,4/24/15,2015,OW2,Orange Walk,Belize,OW,high,28.59884283,11,-88.654444,17.7525,F,SA,N,-11.935,12.355,5.840894623,1.322903791,-2.886295973,0,1,0
D150 spring 2015,D150,4/23/15,2015,OW2,Orange Walk,Belize,OW,high,28.59884283,11,-88.654444,17.7525,M,SA,N,-18.55,12.65,4.41426098,NA,NA,1,1,1
D129 spring 2015,D129,4/21/15,2015,OW2,Orange Walk,Belize,OW,high,28.59884283,11,-88.654444,17.7525,M,A,Y,-12.7,11.01,4.336553931,1.676630777,-1.374375744,0,1,0
LAM4 spring 2014,LAM4,4/30/14,2014,OW2,Orange Walk,Belize,OW,high,28.59884283,11,-88.654444,17.7525,M,A,NA,-10.03,9.65,4.678311661,-1.133338236,-0.543873976,NA,NA,NA
D158 spring 2016,D158,4/25/16,2016,OW2,Orange Walk,Belize,OW,high,28.59884283,11,-88.654444,17.7525,M,A,Y,NA,NA,NA,NA,NA,1,1,1
D154 spring 2015,D154,4/24/15,2015,OW2,Orange Walk,Belize,OW,high,28.59884283,11,-88.654444,17.7525,M,SA,Y,-13.53,10.98,4.185271795,2.827687369,-0.792477405,0,1,0
D163 spring 2016,D163,4/25/16,2016,OW2,Orange Walk,Belize,OW,high,28.59884283,11,-88.654444,17.7525,M,SA,Y,NA,NA,NA,NA,NA,1,1,1
D109 spring 2014,D109,5/1/14,2014,OW2,Orange Walk,Belize,OW,high,28.59884283,11,-88.654444,17.7525,F,A,Y,-14.12,13.7,6.325164029,NA,NA,NA,NA,NA
D162 spring 2016,D162,4/25/16,2016,OW2,Orange Walk,Belize,OW,high,28.59884283,11,-88.654444,17.7525,F,A,N,-13.85,10.6,3.801591772,2.232061059,0.843738068,1,0,0
D192 spring 2016,D192,4/27/16,2016,OW2,Orange Walk,Belize,OW,high,28.59884283,11,-88.654444,17.7525,M,A,Y,NA,NA,NA,NA,NA,0,1,0
D153 spring 2015,D153,4/24/15,2015,OW2,Orange Walk,Belize,OW,high,28.59884283,11,-88.654444,17.7525,F,A,N,-9.44,14.6,8.906739022,0.583611673,0.435930462,1,1,1
D174 spring 2016,D174,4/26/16,2016,OW2,Orange Walk,Belize,OW,high,28.59884283,11,-88.654444,17.7525,M,A,Y,-10.6,10.94,5.196075442,NA,NA,1,1,1
D152 spring 2015,D152,4/24/15,2015,OW2,Orange Walk,Belize,OW,high,28.59884283,11,-88.654444,17.7525,M,A,Y,-13.7,11.25,4.450179772,1.172087079,0.162119603,1,1,1
D126 spring 2014,D126,5/3/14,2014,OW2,Orange Walk,Belize,OW,high,28.59884283,11,-88.654444,17.7525,F,SA,N,NA,NA,NA,NA,NA,NA,NA,NA
D127 spring 2014,D127,5/3/14,2014,OW2,Orange Walk,Belize,OW,high,28.59884283,11,-88.654444,17.7525,M,SA,NA,NA,NA,NA,NA,NA,NA,NA,NA
D701 spring 2016,D701,4/29/16,2016,OW2,Orange Walk,Belize,OW,high,28.59884283,11,-88.654444,17.7525,M,SA,N,-11.07,13.16,6.897717014,1.821012505,-0.63632438,1,1,1
D125 spring 2014,D125,5/3/14,2014,OW2,Orange Walk,Belize,OW,high,28.59884283,11,-88.654444,17.7525,M,A,N,NA,NA,NA,NA,NA,NA,NA,NA
D130 spring 2015,D130,4/21/15,2015,OW2,Orange Walk,Belize,OW,high,28.59884283,11,-88.654444,17.7525,M,A,Y,-15.22,12.84,5.031351707,1.070027075,1.193549089,NA,NA,NA
D118 spring 2016,D118,4/25/16,2016,OW2,Orange Walk,Belize,OW,high,28.59884283,11,-88.654444,17.7525,M,A,Y,-13.42,10.26,3.474766179,1.040055783,1.676161728,1,1,1
D196 spring 2016,D196,4/27/16,2016,OW2,Orange Walk,Belize,OW,high,28.59884283,11,-88.654444,17.7525,M,A,Y,-10.13,12.18,6.47892738,NA,NA,1,1,1
D164 spring 2016,D164,4/25/16,2016,OW2,Orange Walk,Belize,OW,high,28.59884283,11,-88.654444,17.7525,M,A,Y,-11.67,12.5,6.064231196,NA,NA,1,1,1
D165 spring 2016,D165,4/25/16,2016,OW2,Orange Walk,Belize,OW,high,28.59884283,11,-88.654444,17.7525,M,A,Y,-13.23,10.62,3.853894135,NA,NA,0,0,0
D173 spring 2016,D173,4/26/16,2016,OW2,Orange Walk,Belize,OW,high,28.59884283,11,-88.654444,17.7525,M,A,Y,-13.16,10.86,4.101219331,NA,NA,0,0,0
LAM1 spring 2014,LAM1,4/30/14,2014,OW2,Orange Walk,Belize,OW,high,28.59884283,11,-88.654444,17.7525,F,A,N,-14.59,11.31,4.150771013,NA,NA,NA,NA,NA
D110 spring 2015,D110,4/24/15,2015,OW2,Orange Walk,Belize,OW,high,28.59884283,11,-88.654444,17.7525,M,A,Y,-10.6,8.74,3.690961934,2.95493822,-0.313002484,0,0,0
LAM2 spring 2014,LAM2,4/30/14,2014,OW2,Orange Walk,Belize,OW,high,28.59884283,11,-88.654444,17.7525,M,SA,N,-8.08,9.58,6.305870281,NA,NA,NA,NA,NA
D189 spring 2016,D189,4/27/16,2016,OW2,Orange Walk,Belize,OW,high,28.59884283,11,-88.654444,17.7525,F,A,N,NA,NA,NA,NA,NA,1,1,1
D191 spring 2016,D191,4/27/16,2016,OW2,Orange Walk,Belize,OW,high,28.59884283,11,-88.654444,17.7525,M,A,Y,NA,NA,NA,NA,NA,NA,1,NA
D159 spring 2016,D159,4/25/16,2016,OW2,Orange Walk,Belize,OW,high,28.59884283,11,-88.654444,17.7525,F,A,N,-13.86,10.91,4.111751452,NA,NA,0,1,0
D702 spring 2016,D702,4/29/16,2016,OW2,Orange Walk,Belize,OW,high,28.59884283,11,-88.654444,17.7525,F,A,N,-12.5,11.11,4.484829986,NA,NA,1,1,1
D194 spring 2016,D194,4/27/16,2016,OW2,Orange Walk,Belize,OW,high,28.59884283,11,-88.654444,17.7525,F,A,N,NA,NA,NA,NA,NA,1,0,0
D195 spring 2016,D195,4/27/16,2016,OW2,Orange Walk,Belize,OW,high,28.59884283,11,-88.654444,17.7525,F,A,N,NA,NA,NA,NA,NA,0,0,0
D161 spring 2016,D161,4/25/16,2016,OW2,Orange Walk,Belize,OW,high,28.59884283,11,-88.654444,17.7525,M,A,Y,-12.03,11.52,5.020209159,1.750155206,0.52771803,1,1,1
D197 spring 2016,D197,4/29/16,2016,OW2,Orange Walk,Belize,OW,high,28.59884283,11,-88.654444,17.7525,F,A,N,-8.85,7.02,4.894946374,NA,NA,0,1,0
D707 spring 2016,D707,4/29/16,2016,OW2,Orange Walk,Belize,OW,high,28.59884283,11,-88.654444,17.7525,F,SA,N,-9.76,13.72,7.982906739,NA,NA,1,1,1
LA162 spring 2016,LA162,4/27/16,2016,OW2,Orange Walk,Belize,OW,high,28.59884283,11,-88.654444,17.7525,M,A,Y,NA,NA,NA,NA,NA,NA,NA,NA
L316 spring 2016,L316,4/26/16,2016,OW2,Orange Walk,Belize,OW,high,28.59884283,11,-88.654444,17.7525,F,A,N,NA,NA,NA,NA,NA,NA,NA,NA
D187 spring 2016,D187,4/27/16,2016,OW2,Orange Walk,Belize,OW,high,28.59884283,11,-88.654444,17.7525,F,A,N,-11.16,8.91,3.332941644,NA,NA,0,0,0
D188 spring 2016,D188,4/27/16,2016,OW2,Orange Walk,Belize,OW,high,28.59884283,11,-88.654444,17.7525,M,SA,N,NA,NA,NA,NA,NA,0,1,0
D160 spring 2016,D160,4/25/16,2016,OW2,Orange Walk,Belize,OW,high,28.59884283,11,-88.654444,17.7525,M,A,Y,-10.05,8.92,4.255643312,1.540005233,0.402868803,1,1,1
D703 spring 2016,D703,4/29/16,2016,OW2,Orange Walk,Belize,OW,high,28.59884283,11,-88.654444,17.7525,F,A,N,-8.58,9.79,5.963698517,NA,NA,0,1,0
D190 spring 2016,D190,4/27/16,2016,OW2,Orange Walk,Belize,OW,high,28.59884283,11,-88.654444,17.7525,M,A,Y,NA,NA,NA,NA,NA,NA,0,0
T42 spring 2016,T42,4/27/16,2016,OW2,Orange Walk,Belize,OW,high,28.59884283,11,-88.654444,17.7525,NA,NA,NA,NA,NA,NA,NA,NA,0,1,0
T43 spring 2016,T43,4/29/16,2016,OW2,Orange Walk,Belize,OW,high,28.59884283,11,-88.654444,17.7525,NA,NA,NA,NA,NA,NA,NA,NA,1,0,0
D108 spring 2014,D108,5/1/14,2014,OW2,Orange Walk,Belize,OW,high,28.59884283,11,-88.654444,17.7525,F,A,Y,-16.21,11.44,3.343112322,1.859698747,0.764899269,NA,NA,NA
D704 spring 2016,D704,4/29/16,2016,OW2,Orange Walk,Belize,OW,high,28.59884283,11,-88.654444,17.7525,F,A,Y,-12.56,11.25,4.603791915,NA,NA,0,0,0
D118 spring 2014,D118,5/2/14,2014,OW2,Orange Walk,Belize,OW,high,28.59884283,11,-88.654444,17.7525,M,A,Y,-11.47,13.13,6.724715607,NA,NA,NA,NA,NA
D152 spring 2016,D152,4/27/16,2016,OW2,Orange Walk,Belize,OW,high,28.59884283,11,-88.654444,17.7525,M,A,Y,-13.12,10.62,3.86998708,NA,NA,0,1,0
K115 spring 2015,K115,4/23/15,2015,OW2,Orange Walk,Belize,OW,high,28.59884283,11,-88.654444,17.7525,M,A,Y,-15.8,12.75,4.711284326,NA,NA,0,0,0
D107 spring 2014,D107,5/1/14,2014,OW2,Orange Walk,Belize,OW,high,28.59884283,11,-88.654444,17.7525,M,A,N,-10.63,10.14,4.563737503,-0.893494344,0.769971724,NA,NA,NA
D705 spring 2016,D705,4/29/16,2016,OW2,Orange Walk,Belize,OW,high,28.59884283,11,-88.654444,17.7525,M,A,Y,-9.57,11.07,5.968400121,NA,NA,1,1,1
D149 spring 2015,D149,4/23/15,2015,OW2,Orange Walk,Belize,OW,high,28.59884283,11,-88.654444,17.7525,F,A,N,-14.05,11.08,4.29121195,NA,NA,0,1,0
D706 spring 2016,D706,4/29/16,2016,OW2,Orange Walk,Belize,OW,high,28.59884283,11,-88.654444,17.7525,F,A,N,-14,12.69,5.573957302,0.418550845,1.36120697,0,1,0
D130 spring 2016,D130,4/27/16,2016,OW2,Orange Walk,Belize,OW,high,28.59884283,11,-88.654444,17.7525,M,A,Y,-14.3,12.79,5.470740352,NA,NA,0,1,0
T41 spring 2016,T41,4/27/16,2016,OW2,Orange Walk,Belize,OW,high,28.59884283,11,-88.654444,17.7525,NA,NA,NA,NA,NA,NA,NA,NA,NA,NA,NA